{"cameraMode":{"drawMode":0,"name":"Shaded","section":"Shading Mode"},"sceneLighting":true,"audioPlay":false,"sceneViewState":{"m_AlwaysRefresh":false,"showFog":true,"showSkybox":true,"showFlares":true,"showImageEffects":true,"showParticleSystems":true,"showVisualEffectGraphs":true,"m_FxEnabled":true},"in2DMode":false,"pivot":{"x":1.9391148090362549,"y":9.305623054504395,"z":-39.34849166870117},"rotation":{"x":0.16991518437862397,"y":0.11354620009660721,"z":-0.019711973145604135,"w":0.9787071943283081},"size":1.0236884355545045,"orthographic":false}